{
    "MAE": 3.552398443222046,
    "RMSE": 4.485544298160128,
    "R2": 0.5246161222457886
}