{
    "MAE": 3.4593372344970703,
    "RMSE": 4.346633283529824,
    "R2": 0.5536041259765625
}