{
    "MAE": 3.533459424972534,
    "RMSE": 4.350586923926656,
    "R2": 0.5527917146682739
}